employee_id,name,org_unit,current_rank,last_promotion_date
1,Emp 001,Operations,IC,2010-03-30
2,Emp 002,Marketing,IC,2011-11-11
3,Emp 003,Operations,Senior,2011-06-20
4,Emp 004,Sales,IC,2009-04-28
5,Emp 005,Finance,IC,2009-07-27
6,Emp 006,Sales,Manager,2007-02-10
7,Emp 007,Operations,Senior,2010-06-06
8,Emp 008,Engineering,Lead,2009-06-07
9,Emp 009,HR,IC,2011-07-06
10,Emp 010,Sales,IC,2012-04-19
11,Emp 011,HR,IC,2012-12-12
12,Emp 012,Engineering,IC,2010-07-27
13,Emp 013,Operations,Manager,2011-09-27
14,Emp 014,Engineering,IC,2009-11-10
15,Emp 015,IT,IC,2008-07-26
16,Emp 016,Engineering,IC,2012-04-22
17,Emp 017,Operations,IC,2010-07-31
18,Emp 018,Software Development,IC,2008-01-27
19,Emp 019,Engineering,IC,2013-02-26
20,Emp 020,IT,Senior,2012-04-21
21,Emp 021,Operations,IC,2008-06-15
22,Emp 022,IT,IC,2013-03-25
23,Emp 023,Software Development,IC,2009-01-17
24,Emp 024,Engineering,IC,2012-06-08
25,Emp 025,HR,IC,2009-07-22
26,Emp 026,Operations,IC,2012-04-09
27,Emp 027,Marketing,Senior,2007-01-03
28,Emp 028,Finance,IC,2009-03-27
29,Emp 029,IT,Senior,2013-12-28
30,Emp 030,IT,IC,2012-11-01
31,Emp 031,Finance,Lead,2013-10-12
32,Emp 032,Engineering,IC,2012-08-05
33,Emp 033,Software Development,IC,2008-01-03
34,Emp 034,HR,Senior,2007-12-26
35,Emp 035,Sales,IC,2012-01-05
36,Emp 036,Finance,Senior,2012-03-08
37,Emp 037,Software Development,Manager,2011-08-23
38,Emp 038,Sales,Lead,2009-03-05
39,Emp 039,Finance,Senior,2012-05-19
40,Emp 040,Software Development,Manager,2013-11-23
41,Emp 041,IT,IC,2012-02-14
42,Emp 042,Marketing,Lead,2011-06-23
43,Emp 043,IT,IC,2011-02-21
44,Emp 044,Software Development,Lead,2013-06-11
45,Emp 045,Engineering,IC,2009-08-20
46,Emp 046,HR,Lead,2012-02-14
47,Emp 047,Finance,Lead,2008-08-03
48,Emp 048,Finance,Lead,2010-12-18
49,Emp 049,Finance,IC,2011-09-06
50,Emp 050,Operations,Senior,2013-02-03
51,Emp 051,Engineering,IC,2009-01-11
52,Emp 052,Marketing,Senior,2007-04-10
53,Emp 053,Operations,IC,2012-02-01
54,Emp 054,Operations,IC,2007-07-01
55,Emp 055,HR,IC,2012-05-30
56,Emp 056,Sales,Lead,2011-10-19
57,Emp 057,Engineering,IC,2009-10-18
58,Emp 058,Finance,IC,2010-09-11
59,Emp 059,IT,Senior,2007-02-27
60,Emp 060,HR,IC,2007-03-25
61,Emp 061,Sales,Senior,2013-09-10
62,Emp 062,Marketing,Senior,2011-05-30
63,Emp 063,IT,IC,2007-03-09
64,Emp 064,HR,IC,2008-11-23
65,Emp 065,Sales,IC,2010-04-25
66,Emp 066,Sales,Lead,2007-06-15
67,Emp 067,Sales,Senior,2009-06-26
68,Emp 068,Operations,Lead,2007-07-25
69,Emp 069,Marketing,Senior,2012-10-04
70,Emp 070,Sales,IC,2013-07-20
71,Emp 071,Finance,IC,2007-10-02
72,Emp 072,Software Development,IC,2012-12-11
73,Emp 073,HR,Lead,2011-07-15
74,Emp 074,HR,IC,2010-01-10
75,Emp 075,Marketing,IC,2007-08-29
76,Emp 076,Finance,IC,2010-09-17
77,Emp 077,Operations,IC,2012-04-03
78,Emp 078,Finance,Lead,2008-08-01
79,Emp 079,Operations,IC,2008-08-27
80,Emp 080,Marketing,Lead,2007-01-28
81,Emp 081,HR,Senior,2013-04-11
82,Emp 082,Sales,Lead,2009-06-26
83,Emp 083,IT,Senior,2009-12-27
84,Emp 084,Operations,Senior,2010-11-11
85,Emp 085,Operations,IC,2011-10-11
86,Emp 086,Software Development,IC,2007-01-03
87,Emp 087,Finance,IC,2013-01-02
88,Emp 088,Software Development,Senior,2012-07-19
89,Emp 089,HR,IC,2010-07-29
90,Emp 090,Operations,IC,2008-05-18
91,Emp 091,Software Development,Lead,2011-11-20
92,Emp 092,Engineering,Lead,2012-02-18
93,Emp 093,HR,IC,2007-11-22
94,Emp 094,Sales,Senior,2010-12-04
95,Emp 095,Marketing,IC,2008-12-22
96,Emp 096,Software Development,IC,2008-06-10
97,Emp 097,Engineering,IC,2009-07-04
98,Emp 098,Sales,IC,2013-06-09
99,Emp 099,Finance,Lead,2013-09-25
100,Emp 100,IT,Senior,2008-11-07
101,Emp 101,Engineering,Senior,2012-01-17
102,Emp 102,Finance,Manager,2011-10-20
103,Emp 103,Sales,IC,2012-08-29
104,Emp 104,Engineering,IC,2010-06-12
105,Emp 105,Engineering,IC,2011-07-29
106,Emp 106,HR,IC,2010-04-17
107,Emp 107,Finance,IC,2012-10-06
108,Emp 108,Marketing,IC,2007-01-09
109,Emp 109,Engineering,Senior,2012-09-11
110,Emp 110,IT,IC,2011-10-16
111,Emp 111,IT,Senior,2008-03-24
112,Emp 112,HR,IC,2009-12-09
113,Emp 113,Engineering,Senior,2012-10-11
114,Emp 114,Operations,IC,2007-03-30
115,Emp 115,HR,IC,2008-04-01
116,Emp 116,HR,Senior,2008-05-06
117,Emp 117,HR,Senior,2010-06-18
118,Emp 118,Marketing,IC,2008-01-12
119,Emp 119,Engineering,IC,2007-03-24
120,Emp 120,Software Development,Senior,2007-09-22
121,Emp 121,Engineering,Lead,2013-09-07
122,Emp 122,Sales,Senior,2010-05-25
123,Emp 123,HR,IC,2011-08-12
124,Emp 124,HR,Senior,2012-04-15
125,Emp 125,HR,Senior,2008-04-07
126,Emp 126,HR,IC,2011-03-22
127,Emp 127,IT,Senior,2007-11-21
128,Emp 128,Operations,IC,2007-03-20
129,Emp 129,Operations,Senior,2007-08-12
130,Emp 130,Engineering,IC,2008-10-04
131,Emp 131,Software Development,IC,2011-10-09
132,Emp 132,Operations,Manager,2007-06-25
133,Emp 133,Operations,Senior,2012-11-13
134,Emp 134,HR,Senior,2009-10-25
135,Emp 135,Engineering,Senior,2012-03-17
136,Emp 136,Operations,IC,2010-06-15
137,Emp 137,Finance,IC,2009-12-12
138,Emp 138,Operations,Senior,2011-12-14
139,Emp 139,HR,Senior,2009-03-17
140,Emp 140,Operations,IC,2012-04-08
141,Emp 141,Engineering,IC,2008-08-22
142,Emp 142,Marketing,IC,2007-10-08
143,Emp 143,Operations,Lead,2011-04-06
144,Emp 144,Sales,IC,2011-07-04
145,Emp 145,HR,IC,2007-05-16
146,Emp 146,Finance,IC,2009-09-01
147,Emp 147,HR,IC,2007-10-18
148,Emp 148,Engineering,IC,2007-10-09
149,Emp 149,Software Development,IC,2011-02-14
150,Emp 150,Marketing,Lead,2009-03-13
151,Emp 151,IT,IC,2011-03-07
152,Emp 152,Marketing,IC,2013-10-08
153,Emp 153,IT,Lead,2013-09-06
154,Emp 154,Marketing,IC,2007-06-13
155,Emp 155,Operations,Lead,2013-10-19
156,Emp 156,Operations,IC,2007-04-17
157,Emp 157,Software Development,Senior,2011-01-05
158,Emp 158,HR,IC,2009-09-12
159,Emp 159,IT,IC,2010-03-27
160,Emp 160,Engineering,IC,2012-07-18
161,Emp 161,Marketing,IC,2008-09-28
162,Emp 162,Engineering,IC,2010-06-05
163,Emp 163,IT,Lead,2012-05-31
164,Emp 164,HR,Senior,2012-06-23
165,Emp 165,Marketing,IC,2010-05-25
166,Emp 166,Engineering,Senior,2009-08-12
167,Emp 167,HR,IC,2011-07-05
168,Emp 168,Finance,IC,2008-02-19
169,Emp 169,Operations,IC,2013-01-09
170,Emp 170,Software Development,Lead,2008-02-27
171,Emp 171,Marketing,IC,2007-02-25
172,Emp 172,Operations,IC,2011-01-24
173,Emp 173,Finance,Manager,2007-09-16
174,Emp 174,Engineering,Senior,2008-06-26
175,Emp 175,Finance,IC,2010-02-25
176,Emp 176,Operations,Manager,2010-05-21
177,Emp 177,Finance,Manager,2009-12-05
178,Emp 178,HR,IC,2008-11-05
179,Emp 179,Finance,Senior,2011-06-17
180,Emp 180,HR,IC,2007-05-21
181,Emp 181,Software Development,IC,2011-12-27
182,Emp 182,Operations,IC,2008-03-29
183,Emp 183,IT,IC,2010-03-08
184,Emp 184,Operations,IC,2011-12-08
185,Emp 185,Marketing,IC,2007-08-30
186,Emp 186,Finance,IC,2010-11-30
187,Emp 187,Finance,Manager,2011-02-10
188,Emp 188,Software Development,IC,2007-10-14
189,Emp 189,Finance,Senior,2011-06-16
190,Emp 190,Finance,IC,2008-02-19
191,Emp 191,Software Development,IC,2011-03-19
192,Emp 192,IT,IC,2007-06-12
193,Emp 193,IT,Lead,2007-12-07
194,Emp 194,Engineering,IC,2008-06-05
195,Emp 195,IT,IC,2008-04-04
196,Emp 196,IT,Lead,2009-05-18
197,Emp 197,Finance,Lead,2010-03-09
198,Emp 198,Sales,IC,2008-08-21
199,Emp 199,Software Development,IC,2012-04-18
200,Emp 200,Sales,IC,2008-10-27
201,Emp 201,Marketing,IC,2009-10-10
202,Emp 202,Marketing,Lead,2008-02-16
203,Emp 203,IT,IC,2013-09-10
204,Emp 204,Operations,Senior,2012-11-16
205,Emp 205,Operations,Lead,2011-02-17
206,Emp 206,Engineering,IC,2008-07-09
207,Emp 207,Operations,IC,2007-02-07
208,Emp 208,Operations,IC,2007-07-25
209,Emp 209,IT,Senior,2007-10-30
210,Emp 210,Software Development,Lead,2012-07-13
211,Emp 211,Sales,IC,2008-06-03
212,Emp 212,Finance,IC,2011-03-24
213,Emp 213,Finance,IC,2011-10-19
214,Emp 214,Engineering,Lead,2012-08-07
215,Emp 215,Sales,Senior,2013-07-22
216,Emp 216,HR,IC,2008-01-13
217,Emp 217,Engineering,Senior,2013-09-27
218,Emp 218,Software Development,IC,2012-12-25
219,Emp 219,Marketing,IC,2012-12-09
220,Emp 220,Finance,Senior,2011-03-16
221,Emp 221,HR,IC,2008-02-13
222,Emp 222,Engineering,Senior,2010-03-11
223,Emp 223,Software Development,IC,2012-03-15
224,Emp 224,Engineering,IC,2013-02-06
225,Emp 225,Operations,Manager,2010-07-20
226,Emp 226,IT,IC,2013-08-07
227,Emp 227,Software Development,Senior,2010-09-07
228,Emp 228,Software Development,IC,2010-10-04
229,Emp 229,Engineering,Senior,2012-04-05
230,Emp 230,HR,IC,2007-05-05
231,Emp 231,Engineering,IC,2013-10-30
232,Emp 232,IT,Senior,2009-05-13
233,Emp 233,Operations,Senior,2007-12-22
234,Emp 234,Software Development,Senior,2010-12-31
235,Emp 235,Marketing,IC,2013-11-27
236,Emp 236,Engineering,IC,2007-10-10
237,Emp 237,Sales,IC,2008-09-09
238,Emp 238,Marketing,IC,2010-04-27
239,Emp 239,Sales,Senior,2010-04-09
240,Emp 240,Sales,IC,2007-06-01
241,Emp 241,Operations,Senior,2010-01-29
242,Emp 242,Marketing,Manager,2009-11-14
243,Emp 243,Engineering,Lead,2010-04-13
244,Emp 244,HR,IC,2009-01-10
245,Emp 245,Sales,IC,2010-03-03
246,Emp 246,HR,Manager,2010-12-09
247,Emp 247,Operations,Lead,2011-06-21
248,Emp 248,Operations,Lead,2012-11-29
249,Emp 249,Software Development,IC,2010-05-17
250,Emp 250,Engineering,Senior,2010-02-19
251,Emp 251,Engineering,IC,2013-09-30
252,Emp 252,Operations,IC,2008-09-16
253,Emp 253,HR,Lead,2007-11-18
254,Emp 254,HR,IC,2008-05-02
255,Emp 255,Sales,Lead,2012-07-09
256,Emp 256,Finance,IC,2010-05-26
257,Emp 257,IT,IC,2008-12-28
258,Emp 258,HR,IC,2011-03-28
259,Emp 259,Sales,Lead,2011-09-11
260,Emp 260,HR,IC,2007-01-04
261,Emp 261,Marketing,Senior,2012-10-01
262,Emp 262,Sales,Lead,2011-05-24
263,Emp 263,Sales,Lead,2008-08-10
264,Emp 264,HR,IC,2007-06-22
265,Emp 265,Software Development,IC,2011-03-06
266,Emp 266,Engineering,Senior,2007-01-28
267,Emp 267,HR,IC,2009-07-13
268,Emp 268,Engineering,Lead,2011-06-05
269,Emp 269,Operations,IC,2013-11-10
270,Emp 270,HR,IC,2011-07-07
271,Emp 271,HR,Senior,2010-02-25
272,Emp 272,HR,IC,2011-04-29
273,Emp 273,Operations,Manager,2013-09-26
274,Emp 274,Marketing,IC,2011-05-23
275,Emp 275,HR,IC,2009-09-25
276,Emp 276,Operations,IC,2008-09-12
277,Emp 277,IT,IC,2013-01-08
278,Emp 278,IT,IC,2011-08-05
279,Emp 279,Software Development,Senior,2008-09-23
280,Emp 280,Software Development,IC,2013-02-28
281,Emp 281,Finance,IC,2007-05-19
282,Emp 282,Finance,Manager,2012-07-22
283,Emp 283,Marketing,Senior,2007-02-02
284,Emp 284,IT,IC,2009-01-22
285,Emp 285,IT,Senior,2008-10-18
286,Emp 286,Finance,IC,2007-10-23
287,Emp 287,Engineering,IC,2008-10-19
288,Emp 288,Sales,Senior,2010-08-16
289,Emp 289,Marketing,Senior,2008-09-14
290,Emp 290,Engineering,Senior,2013-04-26
291,Emp 291,Marketing,IC,2013-07-31
292,Emp 292,Finance,IC,2009-01-21
293,Emp 293,Engineering,IC,2010-06-08
294,Emp 294,Software Development,Senior,2010-06-18
295,Emp 295,HR,IC,2009-12-16
296,Emp 296,Finance,Senior,2009-08-02
297,Emp 297,Sales,Senior,2008-02-29
298,Emp 298,Sales,IC,2010-10-01
299,Emp 299,Finance,IC,2008-02-21
300,Emp 300,HR,Lead,2013-05-20
301,Emp 301,IT,Senior,2012-02-29
302,Emp 302,HR,IC,2008-03-11
303,Emp 303,Software Development,IC,2013-01-30
304,Emp 304,HR,Senior,2010-04-26
305,Emp 305,Software Development,IC,2007-04-08
306,Emp 306,Sales,Senior,2007-08-19
307,Emp 307,Marketing,IC,2012-09-27
308,Emp 308,Engineering,IC,2007-12-01
309,Emp 309,Software Development,IC,2013-01-28
310,Emp 310,Marketing,IC,2008-05-14
311,Emp 311,Engineering,Senior,2009-03-06
312,Emp 312,Engineering,IC,2007-06-16
313,Emp 313,Sales,Senior,2008-04-18
314,Emp 314,Sales,IC,2010-02-26
315,Emp 315,Marketing,Lead,2011-06-11
316,Emp 316,Sales,IC,2009-06-02
317,Emp 317,IT,IC,2009-06-29
318,Emp 318,Marketing,IC,2012-10-14
319,Emp 319,IT,Senior,2008-10-13
320,Emp 320,Engineering,IC,2010-04-24
321,Emp 321,HR,IC,2008-07-24
322,Emp 322,HR,IC,2013-01-26
323,Emp 323,HR,IC,2009-09-13
324,Emp 324,Engineering,Manager,2010-05-02
325,Emp 325,Software Development,IC,2009-07-30
326,Emp 326,Operations,Lead,2011-01-06
327,Emp 327,HR,Senior,2010-09-09
328,Emp 328,Engineering,Lead,2007-05-31
329,Emp 329,Software Development,Lead,2007-05-26
330,Emp 330,Sales,Manager,2008-10-22
331,Emp 331,Finance,Senior,2013-07-08
332,Emp 332,Operations,Senior,2012-07-24
333,Emp 333,Marketing,Senior,2009-03-28
334,Emp 334,Engineering,Senior,2012-02-19
335,Emp 335,IT,Senior,2010-07-11
336,Emp 336,Engineering,Senior,2012-04-07
337,Emp 337,Finance,IC,2012-10-18
338,Emp 338,Sales,IC,2012-09-02
339,Emp 339,Software Development,Senior,2009-01-23
340,Emp 340,IT,IC,2010-03-10
341,Emp 341,Marketing,IC,2010-02-15
342,Emp 342,Engineering,IC,2009-05-15
343,Emp 343,Sales,IC,2010-04-24
344,Emp 344,Finance,IC,2013-01-18
345,Emp 345,Finance,IC,2011-03-21
346,Emp 346,Finance,IC,2009-06-30
347,Emp 347,HR,Senior,2012-06-20
348,Emp 348,HR,IC,2008-10-28
349,Emp 349,Engineering,IC,2013-10-09
350,Emp 350,Software Development,IC,2012-06-02
351,Emp 351,Software Development,Senior,2010-02-03
352,Emp 352,Finance,Senior,2007-06-08
353,Emp 353,Marketing,Manager,2008-10-15
354,Emp 354,IT,Lead,2010-02-16
355,Emp 355,Marketing,IC,2010-05-24
356,Emp 356,Software Development,Senior,2009-06-02
357,Emp 357,Software Development,IC,2013-04-18
358,Emp 358,Operations,IC,2007-01-20
359,Emp 359,Operations,IC,2009-08-11
360,Emp 360,Software Development,IC,2013-09-25
361,Emp 361,Operations,Senior,2011-03-17
362,Emp 362,Finance,IC,2012-04-15
363,Emp 363,Marketing,IC,2011-05-14
364,Emp 364,IT,Manager,2011-07-17
365,Emp 365,IT,IC,2009-09-25
366,Emp 366,Operations,IC,2011-02-07
367,Emp 367,IT,IC,2009-05-17
368,Emp 368,Operations,Lead,2012-04-27
369,Emp 369,Software Development,Lead,2008-04-24
370,Emp 370,Engineering,IC,2013-07-15
371,Emp 371,IT,Manager,2007-09-16
372,Emp 372,Software Development,Senior,2007-05-24
373,Emp 373,Operations,IC,2013-06-08
374,Emp 374,Operations,Lead,2012-10-14
375,Emp 375,Finance,Lead,2012-09-15
376,Emp 376,HR,IC,2013-03-10
377,Emp 377,Software Development,Senior,2008-01-22
378,Emp 378,Sales,Senior,2007-11-13
379,Emp 379,Marketing,IC,2013-07-23
380,Emp 380,Finance,IC,2013-11-25
381,Emp 381,Marketing,IC,2009-02-01
382,Emp 382,IT,IC,2008-12-20
383,Emp 383,Software Development,IC,2008-12-25
384,Emp 384,Engineering,Manager,2011-11-08
385,Emp 385,Sales,IC,2010-11-02
386,Emp 386,Sales,Senior,2011-08-13
387,Emp 387,Sales,IC,2010-03-20
388,Emp 388,Software Development,Manager,2009-02-02
389,Emp 389,Sales,Senior,2007-08-22
390,Emp 390,Software Development,IC,2008-04-27
391,Emp 391,HR,IC,2010-03-06
392,Emp 392,Sales,Lead,2010-05-21
393,Emp 393,Operations,Lead,2011-04-02
394,Emp 394,Engineering,Senior,2012-08-11
395,Emp 395,IT,IC,2012-01-03
396,Emp 396,Finance,IC,2010-09-16
397,Emp 397,Engineering,Senior,2010-05-05
398,Emp 398,Marketing,Lead,2007-06-11
399,Emp 399,Operations,IC,2010-06-19
400,Emp 400,Operations,IC,2011-02-17
401,Emp 401,Marketing,IC,2007-04-06
402,Emp 402,Engineering,IC,2012-10-25
403,Emp 403,Sales,IC,2012-04-05
404,Emp 404,Software Development,Manager,2011-12-20
405,Emp 405,IT,Senior,2009-09-26
406,Emp 406,HR,IC,2010-02-28
407,Emp 407,Engineering,IC,2012-02-20
408,Emp 408,HR,Senior,2013-02-27
409,Emp 409,Operations,Senior,2012-12-18
410,Emp 410,Software Development,Senior,2007-03-20
411,Emp 411,Software Development,IC,2008-04-01
412,Emp 412,Software Development,Manager,2008-03-12
413,Emp 413,Marketing,IC,2009-11-05
414,Emp 414,HR,Senior,2010-05-04
415,Emp 415,Operations,Senior,2009-08-13
416,Emp 416,Operations,Manager,2010-03-04
417,Emp 417,Marketing,Senior,2011-01-03
418,Emp 418,HR,Senior,2008-07-15
419,Emp 419,Marketing,IC,2011-02-16
420,Emp 420,Engineering,Senior,2009-11-19
421,Emp 421,Marketing,IC,2007-02-08
422,Emp 422,Engineering,IC,2011-08-18
423,Emp 423,Engineering,Manager,2009-05-30
424,Emp 424,HR,IC,2007-12-12
425,Emp 425,Marketing,IC,2007-12-05
426,Emp 426,Engineering,IC,2008-06-09
427,Emp 427,Engineering,Senior,2013-10-22
428,Emp 428,Marketing,IC,2012-03-22
429,Emp 429,Marketing,Senior,2007-11-10
430,Emp 430,Operations,IC,2008-06-26
431,Emp 431,Sales,Lead,2011-07-29
432,Emp 432,Marketing,IC,2010-07-02
433,Emp 433,Engineering,IC,2011-05-28
434,Emp 434,Marketing,IC,2008-09-27
435,Emp 435,IT,IC,2010-02-23
436,Emp 436,Operations,Lead,2011-01-18
437,Emp 437,Software Development,Lead,2012-10-17
438,Emp 438,IT,IC,2011-10-16
439,Emp 439,Operations,IC,2012-03-04
440,Emp 440,Finance,IC,2010-05-16
441,Emp 441,Sales,IC,2007-07-25
442,Emp 442,HR,IC,2013-10-27
443,Emp 443,IT,IC,2010-12-23
444,Emp 444,Finance,Senior,2008-01-10
445,Emp 445,Operations,IC,2008-09-04
446,Emp 446,Sales,Lead,2009-06-05
447,Emp 447,Software Development,Manager,2012-01-07
448,Emp 448,Sales,IC,2010-07-05
449,Emp 449,Marketing,Senior,2009-06-06
450,Emp 450,Operations,Lead,2008-07-24
451,Emp 451,Engineering,Lead,2009-03-22
452,Emp 452,IT,IC,2007-10-25
453,Emp 453,IT,Senior,2008-05-04
454,Emp 454,Sales,IC,2009-02-03
455,Emp 455,Operations,Lead,2013-03-08
456,Emp 456,Marketing,IC,2013-01-28
457,Emp 457,Software Development,Senior,2010-05-17
458,Emp 458,Operations,Manager,2012-01-31
459,Emp 459,Marketing,IC,2007-01-04
460,Emp 460,Operations,IC,2011-11-22
461,Emp 461,Marketing,Senior,2008-11-07
462,Emp 462,Finance,Senior,2008-11-16
463,Emp 463,Engineering,Senior,2008-10-31
464,Emp 464,Engineering,IC,2013-02-11
465,Emp 465,Marketing,Lead,2010-03-26
466,Emp 466,Operations,Senior,2009-09-07
467,Emp 467,HR,IC,2013-06-28
468,Emp 468,Sales,Senior,2012-01-16
469,Emp 469,Operations,IC,2013-11-25
470,Emp 470,Finance,IC,2012-03-09
471,Emp 471,Sales,Senior,2012-07-24
472,Emp 472,Software Development,Senior,2009-07-21
473,Emp 473,Marketing,Lead,2011-02-01
474,Emp 474,Engineering,IC,2010-01-06
475,Emp 475,Operations,Senior,2009-10-20
476,Emp 476,Operations,Senior,2013-12-09
477,Emp 477,IT,IC,2011-08-18
478,Emp 478,HR,Manager,2008-04-09
479,Emp 479,Engineering,IC,2010-12-13
480,Emp 480,HR,IC,2013-02-12
481,Emp 481,IT,IC,2009-01-07
482,Emp 482,IT,Senior,2012-03-25
483,Emp 483,Operations,IC,2012-08-27
484,Emp 484,Operations,IC,2010-10-06
485,Emp 485,Marketing,Senior,2009-02-21
486,Emp 486,Operations,Lead,2007-10-30
487,Emp 487,Marketing,Senior,2010-03-23
488,Emp 488,Engineering,IC,2010-08-13
489,Emp 489,Finance,IC,2012-03-15
490,Emp 490,HR,IC,2007-05-02
491,Emp 491,Sales,Senior,2008-10-14
492,Emp 492,Sales,Senior,2013-01-02
493,Emp 493,Marketing,IC,2013-03-01
494,Emp 494,IT,Senior,2008-07-02
495,Emp 495,Operations,Senior,2007-02-14
496,Emp 496,Sales,IC,2013-09-08
497,Emp 497,HR,Lead,2010-03-10
498,Emp 498,Sales,Lead,2008-07-20
499,Emp 499,Operations,Lead,2011-05-11
500,Emp 500,Operations,Senior,2009-02-25
